[
  {
    "id": "9df2c2a0-c4f8-4890-8766-fb1e975090bd",
    "data": [
      {
        "text": "create a ",
        "userDefined": false
      },
      {
        "text": "story",
        "alias": "create-story",
        "meta": "@create-story",
        "userDefined": true
      },
      {
        "text": " under IBP",
        "userDefined": false
      }
    ],
    "isTemplate": false,
    "count": 0,
    "updated": 0
  },
  {
    "id": "d44bc300-c8b6-4eb9-89b9-7c0355c47dae",
    "data": [
      {
        "text": "create a new ",
        "userDefined": false
      },
      {
        "text": "story",
        "alias": "create-story",
        "meta": "@create-story",
        "userDefined": true
      },
      {
        "text": " for me",
        "userDefined": false
      }
    ],
    "isTemplate": false,
    "count": 0,
    "updated": 0
  },
  {
    "id": "1af96f41-9eb3-401d-b53b-cf03126a592b",
    "data": [
      {
        "text": "create a ",
        "userDefined": false
      },
      {
        "text": "story",
        "alias": "create-story",
        "meta": "@create-story",
        "userDefined": true
      }
    ],
    "isTemplate": false,
    "count": 0,
    "updated": 0
  },
  {
    "id": "6e50e7aa-fa13-4ced-ac9f-563d181bdb09",
    "data": [
      {
        "text": "Create a new ",
        "userDefined": false
      },
      {
        "text": "story",
        "alias": "create-story",
        "meta": "@create-story",
        "userDefined": true
      }
    ],
    "isTemplate": false,
    "count": 0,
    "updated": 0
  }
]