[
  {
    "id": "13a84cb1-3684-4c5c-927b-f8be16b3ab6d",
    "data": [
      {
        "text": "Get my ",
        "userDefined": false
      },
      {
        "text": "open defect",
        "alias": "open-defect",
        "meta": "@open-defect",
        "userDefined": false
      },
      {
        "text": " for ",
        "userDefined": false
      },
      {
        "text": "iB18c - 2019",
        "alias": "release",
        "meta": "@release",
        "userDefined": true
      }
    ],
    "isTemplate": false,
    "count": 0,
    "updated": 0
  },
  {
    "id": "80f24c95-f237-422d-b4a6-9d41bb772ebd",
    "data": [
      {
        "text": "Get my ",
        "userDefined": false
      },
      {
        "text": "open defect",
        "alias": "open-defect",
        "meta": "@open-defect",
        "userDefined": false
      }
    ],
    "isTemplate": false,
    "count": 0,
    "updated": 0
  }
]