[
  {
    "id": "e4d8af08-f552-446c-a4c9-d3b60b3b733d",
    "data": [
      {
        "text": "Update ",
        "userDefined": false
      },
      {
        "text": "IBP-3895",
        "alias": "issue-number",
        "meta": "@issue-number",
        "userDefined": true
      },
      {
        "text": " with comment ",
        "userDefined": false
      },
      {
        "text": "Task completed",
        "alias": "comment",
        "meta": "@comment",
        "userDefined": true
      }
    ],
    "isTemplate": false,
    "count": 0,
    "updated": 0
  }
]